id	ivan_annotations	shio_annotations	adjudicated	text
4			lifestyle	为什么每次不在中国都会在他们家？@田鸡W @-RJ-爱喝乙醇的甲醇
24			food & drink	@kelly小妞-曼陀罗 你厉害的！蛋糕吃好一屁股坐我笔记本上[good][good][good][good]
30			none	分享图片
32			lifestyle	一把年纪了，到哪儿还都抱着她的玩具狗。
40			gaming	我刚刚绑定了手机，获得了【如来神掌】勋章，微博已经尽在我掌中！也想练成此神功？快来绑定吧！http://t.cn/SXSW4j
45			lifestyle	喝爷爷换了杯子喝水。爷爷的杯子被熏得有股淡淡的檀香味，喝水时又回忆起小的时候…那种感觉真好。
57			food & drink	做的cup cake
81			entertainment	#十大劲歌金曲颁奖礼#支持林峰拿大奖
88			entertainment	我参加了投票《杨幂刘恺威公开恋情》投给“原来当初的爆料是真的！” http://t.cn/SXM7bS
93			lifestyle	不就是剪了短发么，被一家人不约而同的认为像陈真！我真的很好奇他们老一辈心目中的陈真是哪个版本的→_→还有爷爷，您那一副骄傲的表情外加赞许的语气是想说陈真太娘炮还是您孙女太man啊π_π
96			lifestyle	主银为了这个陌生的胖子把我们哥俩关起来了
98			lifestyle	龙年,我有了—个龙弟弟
103			lifestyle	看完BM,再看铁甲钢拳,聊聊天 过的甚好 http://t.cn/SXSWZs
127			sports	上海大鲨鱼领先！！
136			feelings	好萌啊。。。。。。萌死了
137			gaming	太棒了，我的声望升级啦！获得了丰富的货物奖励！ 帮助好友的奖励！一起来玩微城市！开始游戏http://t.cn/SX2FTG
140			feelings	哎呦。。。。我要孤独终老了！！！！！！！！！我要哭了[泪][泪][泪]
145			none	3399658619939722
146			gaming	来之不易啊，有木有，有木有！//@仅自己可见z1 在游戏咖啡恋人中获得了成就咖啡豆霸主，成为微博第70位获得该成就的人，你想和TA比试一下吗?http://t.cn/SqbUOO
147			gaming	小小乐园，大大乐趣，和我一起体验升级的优越感吧。 华丽的乐园之梦已经越来越近了！这样的#小小乐园#才是我想要的呢！去ta的乐园瞧瞧http://t.cn/SXSWPO
165			gaming	微三国将你化身三国君主体验最拉风的名将PK，最炫酷的技能特效，最义气的兄弟公会！ SkybirdatSH强化装备成功我强化装备成功，将细鳞甲强化到了2级，真是RP爆发啊，想不想来跟我比一比！我也要玩http://t.cn/SVjVII
167			entertainment	我给粉红女郎万人海选选手@Vivian丶张敏 投了一票，大家都来支持她吧，活动地址http://t.cn/SMlIX0 ,访问她的主页http://t.cn/S6fjpZ （来自@微女郎 ）
177			lifestyle	回复了【小孩3岁严重平脚有什么纠正办法？】您好！您担心的是什么问题？ 左脚大小不一样还是脚有长短？还是有平足？http://t.cn/SXSOkh
205			none	3399658850382577
223			lifestyle	真受不了我老爸  一口一个东方购物不会骗人的[汗]
228			entertainment	人家倪妮也是88年的，怎么就如此的风情万种啊[喵呜]
229			lifestyle	用满屏幕的塔塔谋杀你!!!!!!@Lillian-羅 MANMANMANMANMANMAN[老大]
239			lifestyle	历时一年，十个周末，一百六十个小时，港大的研究生课程告一个段落。接下来是语言学习了。想想庄子说的话：学海无涯，何苦呢！
244			gaming	#乱世天下#藕苒横行霸道鱼肉乡里，带领一帮狗腿叫嚣乎东西隳突乎南北，翻箱倒柜刮地三尺，搜得银子12,661两七钱五分四厘。http://t.cn/Sh4yvx
245			lifestyle	我说：指导老师、你手机是拿来摆设的么？老万说都是指导老师找不到学生...我还真是遇到宝了...发你短信可以一整天都不回!!!老师你手机是有多不喜欢拿它啊？夏老..老..师...师...收到短信回句「好的」就行了...
252			advertisement	“【百脑汇拜早年 话费Q币砸出来】”，这个活动推荐给大家。 地址：http://t.cn/S6jolc
272			entertainment	【九月】五人共用一把吉他，加拿大乐队Walk off the Earth超强表演 http://t.cn/SXPkX5  （分享自 @优酷网）
277			lifestyle	打开信箱，发现.......我没订呀！想了半天才想起来，是@招商证券 送的。[嘻嘻]
294			lifestyle	看到大熊猫了呢！哈库内    #美图GIF#
309			lifestyle	@传说中的y3 阿姨阿姨，那种巨型的长得像比熊的狗是什么品种啊？还是就是比熊里的姚明？
313			lifestyle	今天满90天了，明天开始正式进入第四个月啦
319			food & drink	好多好多菜，撑！打包回家的还能吃几天！！！排队值得啊！[馋嘴][馋嘴]外婆叫你吃饭了！！！
332			entertainment	天天晚上守在＜＜悬崖＞＞边，心惊肉跳！现在的悬疑片越来越好看。
342			food & drink	聪爸创意料理之 爱心豆瓣酥
366			none	@飛天小阿當 Thank you～ [亲亲]
367			advertisement	我刚更新了2012版新浪微博客户端，推荐你也一起来体验http://t.cn/SVYw05。2012版微博客户端更快捷分享位置，还能寻找周围的微博好友哦，赶紧和我一起带上微博过新年吧！
385			none	WTF...
396			none	3399659106555585
428			lifestyle	每天都要发愁、焦虑、不安、无助、绝望一次，半个小时才会恢复，都快成惯性了。马上又可以少1天了，所以要坚持下去！就当每天一次的焦虑是xxx好了→_→
462			entertainment	【无与伦比的声音！！】这个曲子是绝杀~~~~我承认~~~我差点哭了~~~感动数万人的一曲子！！What Are Words http://t.cn/Si5j3e
468			food & drink	我在力士相撲焼肉。周日晚餐: 不用多說，強烈推薦!!!  http://t.cn/SXSjn5
485			lifestyle	【注意啦！！购物小票里的健康杀手】小票中含有的双酚A可以通过皮肤进入人体，影响人们的生殖系统，并诱发心脏病和癌症等。温馨提醒：小票别长时间攥在手里，手上有伤口的，更要慎重！
499			entertainment	原来Nikita S2都放了一半了...
505			food & drink	明晚终极晚宴的大舞台，可以跟新天地夸年晚会的规模媲美了[鼓掌]
506			entertainment	看过《滴水之恩》 http://t.cn/aFmzaz
520			sports	海上降落伞~我猜他在我手上写的是3圈的意思。。。点水太恐怖了~差点没把我淹死。。。
534			none	11号线 http://t.cn/SXSjWF
551			none	3399659052021373
561			none	分享图片
562			lifestyle	还好，小的高烧退了，今天还是挂了水巩固一下，明就不去学校再休息休息。双休日全“贡献”在了医院。
564			lifestyle	上海太冷了[抓狂]'出不了门！无聊在家！[睡觉]哪位美女让我劫个色[泪][泪][泪]    #美图GIF#
565			lifestyle	好，钱太少，不去了，安度晚年。
570			entertainment	#男子高中生的日常#，好像很好笑的样子，阿虚附体了，银桑附体了，ed神了。http://t.cn/Sz5mq3
592			lifestyle	我不想写作业嘛 5555
593			lifestyle	我在新招鲜。掉鸡窝里了  http://t.cn/SXSTMW
607			lifestyle	看到这些曾经被父母遗弃的患有先天残疾和疾病的宝宝们现在在鲁冰花舍这么健康快乐地生活着，真是感谢上苍！感谢鲁冰花舍的悉心照顾！//@Saul丶洛凡 //@可馨1119:午睡醒来 排排坐期待吃蛋羹@马上封侯066 @凌殳轩 @鲁冰花舍 - 原文地址：http://t.cn/SXSTt8
611			entertainment	不觉得陈妍希和孙艺珍有点像吗?
616			lifestyle	最后一天的“好日子”。明天真的要上班去了么。。。
625			gaming	我正在为我的金字塔充能。 希望大家伸出援助之手。帮我完成祈祷仪式！开始游戏http://t.cn/StYSnz
650			lifestyle	[ 【2012年新年献辞】像一束光簇拥另一束光 http://t.cn/S6L3Eo ] @网易阅读
653			none	3399659328889061
654			gaming	争夺江山，拥抱貂蝉，赛曹操比刘备，攻城略地，千军万马只等你来《微三国》一声号令。 听话的落叶打开宝箱获得了青龙甲我刚刚在微三国打开了宝箱，跟我来玩微三国吧！惊喜不断等着你！我也要玩http://t.cn/SM3JXD
660			lifestyle	这是什么？在总统府四周的人行道上有标有台湾特有动物的铺路石。
673			gaming	轻松完成了“技能达人”的2星任务。 我收藏了10种技能轻松完成了“技能达人”的2星任务。去Q将三国看看：http://t.cn/SiNEwh
704			lifestyle	刚致电朋友，说家里快上房揭瓦了，究其原因，原来来了个小捣蛋鬼，头大，据说只有ipad和iphone搞的定他，非apple广告~
713			food & drink	牛肉饼重要还是老公重要？！[抓狂]@FraNcesca圆小圆不要圆
723			advertisement	我支持#理性态小度#！他是我的态度代言人[震撼]！http://t.cn/SVcnZb 微博投票是一个人人可以表态的地方，你的立场、观点、情绪、喜好……都可以有力表达。在这里，已经有一亿次的投票，一百万个投票结果。微博投票霸气上线，小态度，大力量！豪放派奖中[手机]。http://t.cn/hBmUAR
728			food & drink	还是哈根达斯好、你们懂得[晕][晕][晕]@乐美龄      @胡泊-Mona
747			none	3399659295059552
749			lifestyle	【震惊！最新最恐怖的拐卖妇女方式出炉】女性朋友们留意啊，太可怕啦！虽然不知道是真是假，但为左了自己的安全，一定要看完下图文字！ 大家转发，让更多人看到吧！ http://t.cn/SXSTP9
751			society	[酷]马英九拿出点霸气来主动出击让我们支持你有点味道嘛！选上了大家都好过了！ http://t.cn/SXSThw
755			lifestyle	女人之间的事情永远那么多，再嫉妒你也没人家漂亮有气质，何必呢，骂人家的背后其实是在暗暗羡慕吧。有这么多空的时间不如多顾着点自己，八婆
757			lifestyle	我的肚脐点在这里[挤眼]
761			lifestyle	喝多鸟 偶又喝多鸟[亲亲]
780			entertainment	在一条问题中投了@彩霞妹妹子是一朵盛开的奇葩 为冠军。有“爆料”说明有“关系”，损友要“爆料”，地球人拦都拦不住了。新型“小邪恶”社交互动游戏，都来挖掘你身边的“损友”吧。 http://t.cn/SZEw41
795			entertainment	罗斯福挑战赛～
797			science & technology	整理电脑的好用小软件~~上传到微盘了~嘿嘿嘿~ http://t.cn/SXSHBS
806			society	太可怕了!@Jae珈玮
832			sports	下午跑去射箭，我靠，发现我天赋那真是横着流啊
837			none	Waiting for \master piece\"~! [酷]"
871			entertainment	【Nirvana.E】張惠妹翻唱 HEBE 寂寞寂寞就好 http://t.cn/agxyVx  （分享自 @优酷网）比原唱有感觉 有故事的人
891			gaming	狂野飙车6 火线追击也是男性的最爱。游戏中玩家可以驾驶世界上最快的30多种梦幻跑车，包括法拉利、兰博基尼、奥迪以及杜卡迪，HD级高质量画面能够完美的展示出雪地、泥地以及砂石路等12种赛道的特效。不过，很多人反应手机上安装困难，估计比较适合老鸟玩。http://t.cn/aNrDMf
909			sports	斯科尔斯替补上场，我就入手22号斯科尔斯球衣。。。[心][心]22号
922			gaming	娶小乔，抢貂蝉，战吕布，《微三国》让你爽到爆的游戏！玩你从来没玩过的三国！ 提鲁西娅取得了一场胜利我在一场战斗中取得了胜利，并获得战利品，真是“将军会武术，谁也挡不住啊”！我也要玩http://t.cn/StSOAQ
923			advertisement	“PRIUS新年送大礼，大奖送不停”，这个活动推荐给大家，点击 进入 地址：http://t.cn/S6z3fn
947			gaming	来之不易啊，有木有，有木有！//@流苏-l 在德克萨斯扑克 获得了成就背水一战，获取速度超过了微博99%的玩家，你想和TA比试一下吗？http://t.cn/S60Ej8
954			society	接到电话，LG的堂弟今早过世！酒后驾车害人啊[蜡烛]
981			society	全是[心][心][心]的，太浪漫了！
993			food & drink	我在釜山料理。哈哈，有人烤的幸福哇！  http://t.cn/SXS8Xb
1000			feelings	心情超级差╯▽╰  也许我就是这样的人
1007			feelings	一天都没吃饭，竟然没有感觉到一点饿，可是胃又开始痛了，就让我痛死吧。。。[抓狂]
1013			lifestyle	在一个朦胧的地方，朦胧
1026			none	孤影——鹰
1037			none	3.39966E+15
1055			none	@安联球场的咆哮鸟 @都厅之下 @吾友和神牛出来看女神_年更君 看邮箱
1071			sports	曼联加油，今晚不能再输给曼城了！
1082			none	3399659861130772
1084			feelings	累不累啊 http://t.cn/Sfq62a
1087			feelings	明明很开心，但却不知道少了什么，累[失望]
1089			feelings	在酒店的附近骑着自行车一路穿梭在美丽的椰子树下。整条街都是酒店，希尔顿，喜来等...真不愧是渡假之城。
1090			feelings	回家的车票终于搞定了，电脑终于修好了，所有的麻烦事都告一段落了，真是完美的周末✌✌
1097			gaming	#乱世天下#食君之禄，忠君之事。塔塔的小窝于197年冬领取到俸禄13,000两，开心的买了二两猪肉回家下酒。http://t.cn/SAHpQO
1098			feelings	昨天看了《亲密敌人》今天看来《龙门飞甲》，一个有点小乏味，不是我喜欢的都市爱情剧，一个不过3D还有点糊涂，不过~~~还是很好看的哦，推荐没去看的朋友看看。
1103			feelings	恩哼~~~开吃!!!!
1104			feelings	[可怜][雪]
1131			feelings	@Yu___J  明天春晓又给我们做寿司吃      。。      你羡慕嘛？ [偷笑][偷笑][偷笑][偷笑][偷笑][偷笑][鼓掌][鼓掌]
1141			feelings	上班大家一起外卖肯德基 可是为什么就我吃了狂吐 发烧 [泪][泪][泪] 又是自己吊盐水 扎针下手不心软 还包括对自己[可怜][可怜][可怜]@otoyo_哔哔_  快安慰我下 我替大家吃了有毒的鸡[泪][泪][泪]
1145			advertisement	我刚获得了炫铜系列 的@微号 336938686 ~ 你也快来领取吧。（http://t.cn/aRaoPr）
1155			feelings	突然想吃西瓜，@兆亿万 刚想出门买西瓜，老妈就来电话说儿子在吃西瓜，还说让妈妈吃点西瓜就能退烧了，真是心有灵犀啊，于是老公就开车去老妈家拿另外半个西瓜和哈密瓜了，发烧有西瓜吃[太开心][太开心]
1194			advertisement	特mol田园婚庆 床头 卧室 台灯 结婚礼物 (甜蜜玫瑰花朵-闪粉)1.7 来自淘宝-开心赚宝 http://t.cn/SXSFmb
1199			feelings	当女人有了处女情结，就有了亏欠他的心结。
1218			feelings	分享蔯丗里の哝民(  )的日志：2012-1-8 - 回家路上，
1228			feelings	挨？我喜欢这首！fallin！@李在元
1241			feelings	什么事知道太多会难过
1247			gaming	你敢挑战吗？//@Miooo_y叶 的微城市的最有钱的城市为7815，超过@用二胡拉出嘻哈的味道 排名升至第1。http://t.cn/SXSFRe
1248			lifestyle	后面的男淫湿了、、、
1256			feelings	麻麻跟yoyo抱怨:都是你，阿姨难得来一次麻麻都不能跟她出去逛街，还要带你，我是你保姆是吧？！yoyo说不是保姆。麻麻说那是什么呀？yoyo说:麻麻是我的小心肝，命根子！我的妈呀，这也太会拍马屁了吧[花心]
1260			feelings	第一次自己剪刘海
1276			none	【*贤茜*20110827_原创】浅浅_贤茜吧 http://t.cn/SXSFwG  （分享自 @百度贴吧）
1309			lifestyle	[耶]香奈儿低帮黑色马丁靴，帅气的说
1320			gaming	今天有是血拼！！地点龙之梦！！
1329			none	喂
1347			none	3399662382310335
1356			feelings	留给自己的是沉默。
1375			none	3399662373920548
1389			gaming	我刚刚在#德克萨斯扑克#中开启了神秘宝箱， 每次开启都可以得到不同金额的奖励，关注@德克萨斯扑克官方微博 更多奖励哦，快来体验吧！开始游戏http://t.cn/SXy2D5
1394			food & drink	我在Jean Paul Hevin Chocolatier。与 @海上江舟 在一起。原来这里的马卡龙这么小啊？真Tm贵  http://t.cn/SXovyK
1405			gaming	我师傅话很多，我随他。当年他在东吴舌战群儒，如今我在微博谈古论今。他鞠躬尽瘁，死而后已，我获得了【舌战群儒】勋章。http://t.cn/SXov2N
1410			food & drink	一大快巧克力咬的我牙疼，但好吃[馋嘴]
1419			lifestyle	在上海睡两个晚上，继续飞...... http://t.cn/SXovAM
1436			food & drink	我在避风塘(百联西郊店)(签到1次)  http://t.cn/hbsP9A
1437			feelings	六、别说别人可怜，自己更可怜，自己修行又如何？自己又懂得人生多少？ 七、学佛是对自己的良心交待，不是做给别人看的。 八、福报不够的人，就会常常听到是非；福报够的人，从来就没听到过是非。 九、修行是点滴的工夫。 十、在顺境中修行，永远不能成佛。
1455			entertainment	老娘舅演日影[偷笑]   分享图片#WeicoGIF#
1456			none	3399662616774222
1470			none	分享图片
1489			entertainment	哎呦喂。。。405么又不开，撒意思啦撒意思啦撒意思啦！！！！！！！！！！！！！！！！！！！
1495			sports	斯科尔斯！！！
1496			sports	户外运动防水面料双肩包 很显眼的哦！
1503			none	分享图片
1526			feelings	剪个头发还可以上Wifi开心啊！[哈哈][哈哈][哈哈][嘻嘻][嘻嘻][呵呵][呵呵]
1530			lifestyle	我想阿麟老公
1553			feelings	调约约～你粗来呀～[泪]我被遣送回来了~
1569			feelings	#小馄饨成长记#人家困shi了。。。。[睡觉](-_-)zz
1577			gaming	发现切西瓜这个游戏与企业运营有一些想通的地方：水果代表商业机会，炸弹是你在商业运营过程中不可触的雷区和危机；机会往往是伴随着危机一起出来；机会抓不住可能还有机会，但触了雷区则公司必玩完，再厚的底蕴也付诸东流；随着企业的发展，机会可能越来越多，但危机也越来越多，做好保持都不容易！
1591			feelings	我不再会去问为什么,这个世界上没有那么多的答案来安慰自己.这个世界上也没有那么多的人能解救自己,能解救自己的只有自己.现在的状态比从前更糟糕,那时只是难过.而现在却是不再抱有希望.人最可怕的,就是绝望.
1613			food & drink	替妈妈找好吃的甘甜梅，居然找到了这家百年老店。清朝光绪１２年（西元１８８６年）挂牌开店，目前已传到第四代。斑驳且不起眼的店面外观，比起其他家生意卻热闹许多。
1616			feelings	买鸡途中发现好多亮点
1627			advertisement	我参加了都市绿农活动，等着吃我种的新鲜健康蔬菜吧！ 请看我的网易博客:shcaijian.blog.163.com
1632			feelings	昨天年会最郁闷的事情：吐了两次回去睡觉，半夜被饿醒，兜了一圈，觅食无果，回房时隔壁传来众男女欢声笑语，依稀听到什么闻异性腋下，给领导发地震消息诸如此类，心绪荡漾，虽困虫入脑，却无法再次入眠，幸运的是找到一空房而入，一觉天明。
1634			feelings	喝好喜酒进电梯[泪]我的手镯碎了[抓狂]
1650			gaming	一分耕耘，一分收获！//@--承欢-- 的Q将三国的武将切磋为6904，超过@番茄公主- 排名升至第455。http://t.cn/asgHHu
1659			entertainment	#后宫甄嬛传#數年的恩情，才知道自己是別人的替身。。男人心，海底針。。。
1684			feelings	又累又要给人折腾又病
1687			advertisement	#库巴达人微评选#我爱占便宜，只要真便宜，必须抢一抢，不怕限时限量，只要这种感觉！我是库巴抢购达人！@元伟飞的微博 http://t.cn/S42W5a
1696			sports	娘B啊 斯科尔斯都能回来 小贝没有不可能啊！！！
1714			entertainment	向@乔任梁 提问：Kimi呐，好希望你能回答我一次哦（之前一次也么[泪]）。呐、期待你的新专辑，不晓得你什么时候有空弄呢。。。看你拍戏那么忙，好好照顾自己才是真的呐！要继续加油噢~~>.<
1723			feelings	被我做过的沿路风景。。。[心][心]
1738			entertainment	本来想搜搜善花美图 结果看到有付的饭在科普善花 其中\untouchable主唱\"亮瞎我的眼..您自己也不认识的瞎科普啥呀..囧 人家只是和Untouchable合作过一首歌好么..人家是Secret的成员好么..囧囧囧"
1741			gaming	不是我不想谦虚，只是根本没法低调~ 达成了成就：险胜3场!不用太多只要赢一点点就足够了。挑战一下http://t.cn/S6nS59
1754			feelings	今天打算早早上床---------刷围脖，看视频。。。囧[打哈气][鼓掌]
1758			advertisement	宝马公司创意宣传册设计 http://t.cn/SXozah
1764			feelings	儿子发烧,心里很急.希望他尽快好起来
1766			lifestyle	这一张是几位在李维榕老师家的合影。大家几乎是坐了世界上最长的自动扶梯才去到李老师家。
1782			entertainment	【正式】Harvest 111220 http://t.cn/SI58nQ  （分享自 @原创音乐基地）飛飛飛女神漂亮的沒話說！民族調大愛！
1798			none	3399668971316083
1816			lifestyle	@海绵海绵小海绵 麻痹你礼拜三去泡吧伐
1823			feelings	巴子就是巴子，嘎晚了，安静的公车上开着巨响又粗糙的乡村民谣！妈的开那么大声你重听还是耳背啊[哼] http://t.cn/SXIMlk
1835			lifestyle	亲~@Peach1227 有起司猫了，可惜我吃不下了
1852			lifestyle	今日平淡无奇，我是上网呢上网呢还是上网呢！ http://t.cn/SXoWsm
1875			lifestyle	#恐龙园#好想去
1876			lifestyle	毛衣看得眼睛都花了~现在淘宝也不便宜><有没有人来帮我挑一件的呀[坏笑]@支正太有点萌 @活宝乖乖JinG @水瓶座的C @黄潇潇叫呆呆
1894			none	The Monrovia-flagged container ship Rena is seen split in two in a storm as it is pounded by high seas off the coast of Tauranga, New Zealand.
1900			none	born in this way
1936			lifestyle	@妮可Nicole_Lu 亲爱的，最近有没有好看的日剧推荐啊？你最近在看什么？我没事干，看了两集我不能恋爱的理由，也不知道后面好不好看。。。
1941			lifestyle	喝多了有点晕
1948			feelings	溜好狗狗，洗洗弄弄终于躺在我心爱的大床上了~HAPPY…
1965			lifestyle	我在G15沈海高速太仓主线收费站。 http://t.cn/SXoWQU
1970			advertisement	不管你信不信，反正我信了！//@self-conscious 的微三国的等级为33，超过@未知的方向的围脖 排名升至第6。http://t.cn/SqQsRP
1976			none	分享图片
2019			none	3399669176906971
2029			feelings	没有钱的男人总是认为爱情与财富之间有必然关系。中等之姿的女人总是不可救药地认为，姿色决定了爱情的命运。
2056			advertisement	万人丛中一握手,使我衣袖三年香. 介绍新导购.我的超市又雇了个新员工，大家快来围观啊！过去看看http://t.cn/SXojMo
2063			advertisement	我在冰期时代(来福士店)(签到1次)：很奇怪的冰沙  http://t.cn/aKAS0F
2069			feelings	我是个气球，我是个气球，一周一个样!胖瘦看心情，胃口随环境，不要相信此刻的记忆，因为它会告诉你这是错误的。[呵呵][奥特曼][奥特曼]
2073			feelings	超级甜的草莓，婆婆真好！
2094			entertainment	我刚通过【人品值测试】，测出我的人品得分16。@LI洁菁 @新聚仁-征征 @超级大能猫之知足常乐 @夜空骑士 @腦子嚒桑緊魂靈又飛特了 @喲喲__YOYO 测测你的人品如何？。测试地址>>:http://t.cn/ScQxLx
2096			feelings	桜からの手纸 日语字幕版全9集补完...就当复习日语了.....
2118			none	分享图片
2122			advertisement	昨天我梦见你了，真的，天空是那么明静，阳光是那么明媚，大海是那么一望无垠，你站在蔚蓝的海边，我拿小棍一捅你，嘿，这小王八，壳还挺硬。！！！！[偷笑][哈哈]【都市潮流阵线—欢迎您！】http://t.cn/h1RKge
2133			feelings	【爱因斯坦语录】1、每个人都需要理想，有了它生活就不会盲目。2、生活会给你所想要的一切，只要你不断的向它要，只要你在要的时候讲得清楚。3、没有侥幸这回事，最微不足道的成就也是来自你的努力。4、把时间花在阅读上吧，这样你就可以轻易的得到他人辛苦得来的东西，进而改善自己。
2150			finance	股市出利好 明天高开
2154			none	3399669138858753
2167			entertainment	我刚通过【人品值测试】，测出我的人品得分负数。@豪放的群爺 @Jesus_is_Lord @希尔瑞斯 @kopmj @Annie-人生若只如初见 @love蜜柑子 测测你的人品如何？。测试地址>>:http://t.cn/ScQxLx
2173			lifestyle	我在望湘园(正大店)。甜点后晚饭，哈哈，今天走的是风景路线…  http://t.cn/SXonpj
2181			entertainment	我刚申请成为#微博达人#，获得初级达人勋章。微博达人，草根中的大明星，一起加入微博达人俱乐部吧，找到志趣相投的好友！求红星闪闪粉丝多，求红星灿灿关注多！http://t.cn/SXonCE
2216			society	两天没黑人了，没什么惊爆的事情发生了。。又无聊了。。
2231			feelings	嗷嗷嗷，在浴场洗完穿衣服时，旁边柜子里传来了响亮的hey dont bring me down，瞬间心情变好了……@Diffanyoon @掉链吨吨
2241			feelings	一下车，就看到一个提购物带的少女，在花坛里呕吐。
2248			advertisement	我刚刚绑定了手机，获得了【如来神掌】勋章，微博已经尽在我掌中！也想练成此神功？快来绑定吧！http://t.cn/SXonxH
2266			feelings	看了几天本命挂墙头，现在干脆墙头也挂墙头了。人生好无常……（？）
2271			lifestyle	@赭郗 在鎌倉一起买的糖
2287			lifestyle	喵特曼换新家有点不适应啊
2292			food & drink	泡面泡面。。。。。我爱泡面。。。
2309			lifestyle	这条线真心不错啊 就是太贵了 。。。。上海到非洲旅游_上海出发到非洲旅游_上海到非洲旅游线路价格-驴妈妈旅游  http://t.cn/SXoEuI
2321			none	3399670434893402
2341			feelings	#怎样让一个人记住另一个人#女生把他揍一顿，男生直接压倒他 (来自@真心话)
2355			sports	五星体育你傻逼吗？篮球足球一起放！额
2366			lifestyle	我正在看印象摄影，推荐一个专题“大男孩的收藏癖”,@POCO印象摄影
2369			gaming	刚刚在#德克萨斯扑克#游戏中与 @changhua的围脖@群love你 同桌PK，以一手三条 牌型赢取了120筹码！是不是很给力！开始游戏http://t.cn/SIYL5j
2373			lifestyle	想旅游，求推荐旅行社 ，主要是自由行的那种～～～～～～～
2383			feelings	Unless you try to do something beyond what you have already mastered, or you will never grow up. 你不尝试着做些能力之外的事情，就永远无法成长。
2392			none	3399670728803979
2404			lifestyle	木有小宝在身边~好吧，那就睡吧。。[月亮]
2422			finance	今天italk的录制地址:http://t.cn/SXomkQ @Italk新经济沙龙 @孔华威 @李易同志
2458			gaming	@夕阳红1949 ，我刚刚帮助了你的城市，快去看看发生了什么变化吧！ 欢迎你的回访！一起建设微城市！开始游戏http://t.cn/Sf759d
2462			gaming	一分耕耘，一分收获！//@MassiePoppy 在史前传说中的升级狂人为24，超过互粉好友中的@ClaireFeet ，并在全站排名中突破500名，超过了96%的玩家。http://t.cn/Sxq7vv
2469			feelings	联通套餐要下月生效，移动剪了卡出现不兼容问题，你们到底是想闹怎样[怒]？！！！还好家里wifi修好了…算了，下点游戏当它游戏机玩了暂时[汗]
2471			sports	2012-1-8 @五星体育 精彩比赛同步转。[嘻嘻] CBA第22轮 + 足总杯第3轮。[good]
2484			none	中浪相七额厚味馆，一十到野丽鞋么角实杜皮吾。素依野到七了尼可高吾拨好滴四姑酒么七啥么子，相伐到格只小举透透交少了2只机旦，拨好松到吾子巴，那港吾好伐七哇？[馋嘴]末了伊咸港：金枣呃拍马屁到次急叔。[偷笑]真是油气油好肖~~[嘻嘻]
2501			lifestyle	发表了博文 《伦敦 2012 秋冬时装周时间表》 - 2012年2月17日 09:00 &bull; Antoni & Alison - Fall Winter 2012 - London 09:30 http://t.cn/SXomQH
2506			advertisement	“关注【激动网】富士拍立得相机免费送！”，这个活动推荐给大家。 地址：http://t.cn/SiQka9
2511			lifestyle	拍很多 就剩两张了~~~下次要带照相机
2513			lifestyle	老公刚才打电话来，问：“老婆，你的松子我可以吃吗？不吃就坏了。”答曰：“坏个p，不许吃，很贵的。”人家说：“那包花生米我都吃了四天了，该改善改善了。”老婆：“男人要穷养，生活太安逸就没斗志了。”老公说：“嗯，我以为跟着你有肉吃，跟错了。。。”
2522			lifestyle	记得去年三四月份的一个叫AMANDA的旧同事曾经在吃饭时说：她爸曾跟她说过，要么自己动手去做，要么就当看不到听不到。现在是极及的赞同这个观点
2525			lifestyle	买好包包开心呀[花心][可爱][爱你]
2533			none	To Hebe
2536			none	3399670653039928
2538			feelings	【 社会问答 】 小姑娘问妈妈：啥是党委啊？ 党委就是你爸，整天不干活还老骂人。 啥是政府啊？ 政府就是你妈，整天干活还被你爸骂。 啥是人大啊？ 人大就是你爷爷，整天提个鸟笼子啥事也不管。 啥是政协啊？ 政协就是你奶奶，整天唠唠叨叨但没人听她的。啥是工会啊？工会就是你舅舅，过年过节才来！
2557			none	分享圖片
2583			feelings	失恋33天，你要的是什么样的爱情呢？
2595			feelings	现在才补完课。。残呐。。 http://t.cn/SXoeQX
2597			lifestyle	我在今唐海鲜养生汇。饭局让人头疼…  http://t.cn/SXoeHj
2603			lifestyle	我想放寒假[泪]
2613			lifestyle	像掉进了米缸的老鼠，吃得我快要哭了～@醜尒鴨
2614			none	@書生意氣-薛強 @炎木
2636			lifestyle	看样子小狗不是很舒服呀。
2639			lifestyle	未来嫂子送的八音盒和讹了哥哥一个早早看中的帽子！[哈哈][哈哈]明天去滑雪，希望能活着回来[可怜]
2660			gaming	2012来啦！《穿越火线》祝所有CFer新年快乐！我们隆重推出元旦不思议，蛋糕也疯狂活动以庆祝新年，我已入手 雪人背包（7天） ！心动不如行动，想要就一起来吧！活动链接：
2675			feelings	当你回忆从前时你笑了，说明你长大了；当你回忆从前时你哭了，说明你成熟了；当你回忆从前时你漠然了，说明你世故了；当你回忆从前时你感慨了，说明你无奈了；当你回忆从前时你淡定了，说明你开始老了。
2677			food & drink	成都的美食非常非常赞，但...不放花椒你们能死啊！！！
2681			lifestyle	总算今天把所有的冬鞋找全了[偷笑]居然还找到了一双UGG的船鞋，去年@棉花张 给我买的，我一点都没想起来呀[馋嘴]看来还是鞋太多了[害羞]总喜欢买，可总想不起来穿，浪费啊[汗][钱]
2687			lifestyle	长腿姑娘啊！[挖鼻屎]    #Weico拼图#
2689			lifestyle	每个人身边几乎都有这也一个朋友，他的外号叫“四眼” 什么都难不倒我！每一个任务都是我成长的点滴。想到谁你就@ 谁吧http://t.cn/SXoqoO
2727			lifestyle	求着别人攻~上来你内心是多么受啊，土蜘蛛
2745			sports	五星体育，强啊。[威武]
2755	lifestyle	advertisement	advertisement	我刚刚更换了@Weico微博客户端 的#JiJiGaGa#主题！推荐你们也试试看，这里下载: http://t.cn/hbpx5b
2757	food & drink	lifestyle	food & drink	我在宜芝多(莘庄龙之梦店)。刚吃完宵夜'''再买个布丁继续夜宵'''''  http://t.cn/SXoeiR
2764	entertainment	entertainment	entertainment	继续看《新亮剑》，很不错！
2766	feelings	feelings	feelings	如果你只会锦上添花，谢谢你，但如果你是雪中送炭，我永生铭记。顺境对你好的人，哈哈...更要记得逆境对你好的人，那才是会一直和你相伴的人...那2个谁谁谁...说你哪...爱你们！
2773	feelings	lifestyle	lifestyle	明天要上班了，今天早点睡了，飞机坐了头浑道道，亲爱的们，明天公司见。
2792	entertainment	lifestyle	lifestyle	@Miss_噹噹  阿姐，你的招牌剪刀手
2798	society	society	society	老黄说，徐汇数学平均分差不多在108分左右。然后让我看评分标准&答案，然后我告诉她，偶差不多120分左右……数学砸了砸了砸了嘛~
2799	lifestyle	feelings	feelings	最恨为了出去吃个饭，化个妆，饭后又回来卸。化妆的女人伤不起哦！@-琪小宝- @jenet33 @首席妖精
2838	feelings	entertainment	feelings	[哈哈]不是哈特果然不行
2846	feelings	feelings	feelings	soooooooo 。。。。。。哈哈 [昂][昂][害羞][心][陰險]
2861	food & drink	lifestyle	food & drink	唉。现在咋感觉吃点夜市那些没搞点啤酒什么的就没怎么气氛有感觉捏？。。。［思考］
2867	entertainment	entertainment	entertainment	今天去看了电影《那一年，我们一起追过的女孩》，青春的美好回忆啊！你们去看了吗？学生时代真的很开心，可惜青春一去不复返… @G小猫 @剪刀手妞妈ggyy @黄特慢 @浦东一只猫 @Pt_Hughes @杨小妍求全家平安幸福 @178死瘦子 以及没有微博的其他童鞋，我很想你们哦
2886	lifestyle	advertisement	advertisement	在“拼购代购团购”部落发表了新帖【转糖记KS钱包 紫色】:从DP亲73收来的。。。原价 运费 快递费  - -然后悲剧的发现我用太大了。。。因为我手比较小。。。感觉拿着像手包  看看还有没有亲要啊。。。  不要的话考虑自用 http://t.cn/SXK7Jn
2895	feelings	feelings	feelings	全身酸痛'要生病了[泪][泪][泪]赶紧的睡觉！！[泪][泪]
2911	feelings	feelings	feelings	疼痛是记忆的方式，血液是虔诚的救赎
2917	science & technology	feelings	feelings	忘了开心网密码，麻药后遗症袭来[泪][泪]
2921	lifestyle	lifestyle	lifestyle	外滩夜景脱窗
2942	feelings	feelings	feelings	这都是为了什么啊？！？！日子这么过！——————自己没事干，找抽！！
2989	lifestyle	society	society	#家庭# ：【喜糖】:最近一位学姐结婚，回学校送给每个学妹几包口香糖做喜糖，室友觉得很奇怪：“哪有人用口看糖做喜糖的？”“有什么不可以，口香糖和结婚不是颇有类似之处吗？初时甜甜蜜蜜，久了就味同嚼蜡了！”
2991	lifestyle	feelings	feelings	什么都不能吃的银伤不起啊[泪][抓狂]
3022	gaming	gaming	gaming	@without-Gloria,@你就是個悲喜剧,@a罗宋汤,@早川小姐,@cAthy_XWz 一起来游戏吧！幻想着有一天自己能开间咖啡厅, 而如今我的愿望就等你帮我实现了！大家一起来开咖啡店http://t.cn/SXKZcS
3028	lifestyle	none	none	阳朔
3038	science & technology	lifestyle	lifestyle	雨天易致汽车生锈 四奇招有效解决问题 | 近段时间大部分地区出现了冬季雨水，不仅是雨水，干燥季节的风沙同样也会对车辆造成一些损害，比如让车辆表面产生一些小划痕，而这些小划痕如果处理不当就可能会发 http://t.cn/SXKZ5e
3039	feelings	feelings	feelings	[抓狂]
3049	feelings	feelings	feelings	直到电视里响起了“他大舅他二舅都是他舅，高桌子低板凳都是木头”的老腔调子，各种吹拉弹唱、各种手舞足蹈，又给我无限力量去继续擦拭窗框、门楣上的积灰，并且继续收拾抽屉及柜子——不会生活的人都是傻子，不开心的人都是傻子。老腔美，陕北美。
3051	lifestyle	feelings	lifestyle	。。。这周末没有出去，在家淘宝！哎，貌似都没了些可有可无的东西~又是一次不理智消费啊。。[咆哮][喵呜][白眼]
3058	lifestyle	feelings	lifestyle	到家了，又吃的弹进弹出了[汗]
3062	science & technology	gaming	gaming	我刚刚绑定了手机，获得了【如来神掌】勋章，微博已经尽在我掌中！也想练成此神功？快来绑定吧！http://t.cn/SXKZqz
3064	science & technology	society	science & technology	心脏病突发……在独自开车回家的路上……怎么办？你有10秒钟时间可以自救！《自我心肺复苏急救法》。人命关天，请关注，请转发.jpg
3066	none	none	none	I screw up
3077	gaming	gaming	gaming	这天气就像个色狼一样！冻手冻脚的！ 冻手冻脚的！！ 升级？小意思！轻松升级恋爱加速。冻手冻脚的！！http://t.cn/SXKZb4
3079	none	none	none	3399673471656526
3091	entertainment	feelings	feelings	@快乐的巍巍 希望你今后顺利 手机号码给我，前几天我开心上短消息过你。
3105	none	none	none	943391
3116	society	society	society	#iPhone 4S下周开售#要命。。。开了又要烦人了，国人就爱买贵的，炒货的投机倒把又要来了[囧]
3126	lifestyle	none	none	@luobo1988 我在给你准备
3133	feelings	feelings	feelings	怎麼會出現這種情況
3139	advertisement	advertisement	advertisement	分享了亏本处理胖MM冬款加绒加厚加肥加大大码靴裤紧身小脚裤瑕疵款￥29.00 http://t.cn/SXKZwf
3146	food & drink	finance	food & drink	巴贝拉涨得好猛啊[晕][泪][抓狂][委屈]
3150	food & drink	food & drink	food & drink	吃货表示两箱都不够啊[抓狂]
3160	entertainment	entertainment	entertainment	加入专辑《默认专辑》：姚妈看看 花边袜咯再说是小孩穿的@BAZAA...>>>http://t.cn/SXKA2b
3163	none	feelings	none	射手女！
3171	entertainment	advertisement	entertainment	每个微群都是一颗小小星球。我和你，从此在一起。夜空不再寂寞，宇宙共此良辰。我关注了@微群小助手 ，加入了超过5个微群，便获得【群星闪耀】勋章。你还没加入微群么？快来拿勋章吧！http://t.cn/SXKAzG
3182	feelings	feelings	feelings	等到有一天我老了......
3188	lifestyle	lifestyle	lifestyle	我在虹口区民政局。 http://t.cn/SXKAPE
3190	feelings	feelings	feelings	泪流满面……转：虽然我十分不想学习，但是，儿子，为了你以后泡妞儿的玫瑰花和电影票，爹学！！！
3205	feelings	feelings	feelings	我不能在这么悲催下去了，不能在那么宅了，啊啊啊啊啊啊啊啊啊啊啊啊啊啊啊啊啊啊啊啊..............................
3209	food & drink	food & drink	food & drink	炸胡掉了，我的鸡翅
3213	food & drink	lifestyle	food & drink	照目前波叔帮工的份额来看，等有天我的蛋糕店开业了波叔是绝对可以胜任二厨滴[偷笑][偷笑][偷笑]
3226	gaming	entertainment	gaming	@Cheerlyn,@你涛哥_JohnnyQuid,@貓茸茸滴贇,@Akibob,@我不大我 一起来游戏吧！幻想着有一天自己能开间咖啡厅, 而如今我的愿望就等你帮我实现了！大家一起来开咖啡店http://t.cn/SXX6eb
3229	sports	sports	sports	传鲁尼和老爵爷有矛盾，还是故意雪藏了2轮把他憋坏了？ 期待鲁尼带帽
3231	feelings	feelings	feelings	呦西，原来，我可能不会爱上你的潜台词是其实我爱你！要不要这么咬文嚼字[挖鼻屎]
3234	lifestyle	finance	lifestyle	有救了   再来几手建工   儿子奶粉钱有了\\
3236	lifestyle	lifestyle	lifestyle	晚上去医院看了小外甥女,小姑娘的手好软好嫩哦
3237	sports	sports	sports	CBA看好看英超[鼓掌][鼓掌][鼓掌][哈哈][哈哈][哈哈]
3243	sports	sports	sports	希望ccav场场直播我苏比赛 orz [泪]
3247	science & technology	society	society	维基百科是不是快要被封了。。。
3251	sports	sports	sports	@五星体育 转播绝对可以出去比赛的...CBA&足总杯，旋转切换模式...
3257	gaming	gaming	gaming	这天气就像个色狼一样！冻手冻脚的！ 冻手冻脚的！！ 升级？小意思！轻松升级恋爱加速。冻手冻脚的！！http://t.cn/SfLRj3
3258	feelings	feelings	feelings	不论在任何条件下，自己不能看不起自己，哪怕全世界都不相信你，看不起你，你一定要相信你自己，因为我相信一句话，如果你喜欢上了你自己，那么就会有更多的人喜欢你，如果你想自己是什么样的人，只要你想，努力去实现，就会的！
3267	lifestyle	lifestyle	lifestyle	随便买了点…化妆品我也玩混搭…[猪头]
3298	society	advertisement	entertainment	来看波波、小伊、舒骏抓耳挠腮，纠结究竟有谁能进人民大会堂，到底谁能坚持下去，来看看吧：http://t.cn/SXoEPm
3299	lifestyle	lifestyle	lifestyle	@车尼的埃克斯卡利伯 @外焦里嫩Mff @Reiii @stoneman归来 请教一下。。你们身为三十岁的男人，平常是怎么洗羊毛衫的？
3314	none	none	none	小青蛙来了
3322	society	society	society	杨恒均：美国“春运”为何无人抱怨？ 说的真好，分享一下 http://t.cn/S6H7VG
3323	sports	society	sports	草泥马！！！8号线坏特了 曼联Vs曼成看不到了[泪]
3329	science & technology	advertisement	advertisement	我刚更新了2012版新浪微博客户端，推荐你也一起来体验http://t.cn/SVYw05。2012版微博客户端更快捷分享位置，还能寻找周围的微博好友哦，赶紧和我一起带上微博过新年吧！
3332	feelings	entertainment	entertainment	欧阳盆栽的最后一个梗实在太好笑了
3337	food & drink	food & drink	food & drink	晚饭吃了一堆垃圾食品，要是被我姐知道了肯定又要唠叨我了额，前天打电话问我晚饭吃的什么，我说去外边吃的麻辣烫，电话那头就开始叨叨吃麻辣烫怎么怎么不健康了。。。呵呵，每次给我姐打电话她总是会叮嘱我要吃什么，什么不能吃。。。有个姐真好。。。
3346	lifestyle	lifestyle	lifestyle	我在宜家家居IKEA(徐汇商场)。办公桌上太空，去买点东西点缀一下！  http://t.cn/SXKw0x
3361	none	none	none	3399682321712502
3384	none	sports	none	屠杀他们！！！
3387	feelings	feelings	feelings	严重的强迫症和洁癖[泪]累
3403	feelings	feelings	feelings	今天同学聚会，见到好多久违的朋友。大家都在行业里混，苦乐自知。来自信托的踌躇满志；来自基金的大说估值，周期，动能；来自监管的号称带来了新股不会停的\好消息\"；来自私募的无言的微笑；来自投行的是身揣\"保荐人\"资格的底气；来自研究的是新财富的压力。。。总之，揾食艰难，放下也是一种选择"
3409	lifestyle	feelings	feelings	今年不露背就不红了闹[委屈]
3413	entertainment	advertisement	entertainment	看过《帝企鹅日记》 ★★★★ http://t.cn/hCzD5Z
3415	lifestyle	lifestyle	lifestyle	“到此一游”照最佳背景
3457	science & technology	advertisement	advertisement	此时此刻，我泪流满面，微博给我颁发了【三好学生】勋章，我终于成为一名有身份的人！快去完善你的教育信息领取三好学生勋章吧！  http://t.cn/SXKsHt
3461	none	none	none	祝福
3477	science & technology	advertisement	lifestyle	【让孩子爱上读书】扩展想象力是阅读的一大好处。阅读乐趣其实就是随着阅读的不断深入和想象力的不断扩展而带来的。因为书上所写的只不过是些文字而已。有些孩子因为常听父母给他们读故事，甚至还会说，这次要由自己来给父母读故事。阅读不光可以提高想象力还可以锻炼大脑。
3484	none	feelings	none	@没种的小女人 [嘻嘻]
3487	gaming	gaming	gaming	你敢挑战吗？//@朵猫猫和果果狸 的咖啡恋人的咖啡店等级排行为10，超过@焦糖玛奇_朵 排名升至第2。http://t.cn/S6QiNI
3505	entertainment	entertainment	entertainment	《Mary and Max》乍看之下清淡，而静心回味后，感触点一个个浮现，升华，驱散阴笼的困惑，照亮温暖心灵。
3542	lifestyle	lifestyle	lifestyle	换了自然的假睫毛就清纯了哈哈哈。有木有@Zbw9213
3549	feelings	feelings	feelings	这个就是yp的素质，[哼]
3564	sports	sports	sports	今晚曼联嗲
3568	none	none	none	@转运堂的蓝校长
3578	none	none	none	3399682518890079
3595	entertainment	lifestyle	food & drink	鱼块的搅基夜-_,-@松糕君 
3596	gaming	gaming	gaming	我又完成了一件市民们的心愿，真心希望他们能在我的城市里幸福生活。 jackie布丁豆又完成了一个市民的心愿。jackie布丁豆正在为市民的幸福生活忙碌奔波着。开始游戏http://t.cn/Swl03Y
3624	lifestyle	lifestyle	lifestyle	我在长临路。 http://t.cn/SX9PAb
3632	lifestyle	feelings	feelings	开心不稳定，重装了2遍还是无法发送！[哼][哼]
3640	lifestyle	feelings	lifestyle	生病的小孩作死了，眼皮都哭破了。。。
3644	lifestyle	feelings	lifestyle	娃们出门找乐子，偶遇一群募捐者，回家仔细一看，竟有红十字！顿时。。。
3645	feelings	feelings	feelings	我像大肚皮伐 阿拉寶貝就歡喜鑽進去
3646	feelings	feelings	feelings	生活就是一个七日接着又一个七日！ http://t.cn/SX9PwZ
3651	feelings	feelings	feelings	亲爱的。。。。。
3652	feelings	feelings	feelings	复仇啦~~@凯文老师SH
3681	gaming	gaming	gaming	不管你信不信，反正我信了！//@知向谁边的距离 在开心麻將 获得了成就五门齐，获取速度超过了微博99%的玩家，你想和TA比试一下吗？http://t.cn/SxN7ZV
3690	lifestyle	lifestyle	lifestyle	Zara打折，我一手挎着儿子脱下的外套，一手淘！纠结一件毛衣该买哪个号，决定后抢着排队付钱，付好出门，警报响了，我再回来再出门，警报又响！我着急了，等着营业员来澄清！从袋中拿出衣服证明自己，没想手臂弯里儿子大衣掉下来，竟缠着犹豫后放弃的大号毛衣！天哪这些天晕乎乎的找不到北，还出来干啥
3693	lifestyle	lifestyle	lifestyle	公司年会
3695	lifestyle	lifestyle	lifestyle	亲耳听到以下对话：男顾客：你们这个饮料是热卖哒？服务员：对呀，是热卖的！男顾客：热卖的为什么不是热的！听滴俺差点厥倒！[囧]
3697	none	none	none	popera-http://t.cn/S6Hwfy
3715	feelings	none	feelings	你还能再性感点么，my israeli boy!!!wish I could be there with u!!
3728	feelings	feelings	feelings	老大霸气外露
3732	feelings	feelings	feelings	现在的快递真是太慢了，送了一个下午都没送来。。。阿乌阿乌，到底是我rp差呢，还是木有缘分呢。。。人生啊。。。
3747	entertainment	none	none	（送给DT的友友们） ---- Angle.然   http://t.cn/SJFJRa
3754	food & drink	food & drink	food & drink	仔细看是刻有本姑娘牙印滴镜花糕
3755	none	none	none	3399683554859086
3775	feelings	lifestyle	feelings	n种祛痘产品已经无法阻挡我脸上的痘痘了[泪][泪]怎么办[抓狂][抓狂]
3782	feelings	feelings	feelings	技巧达人实在让我难以取舍。。。真的都是硬功夫，让谁走都不舍得的。。。
3816	advertisement	advertisement	advertisement	分享了欧迪尔汽车坐垫冬季/保暖座垫冬季座垫/毛绒坐垫车垫加热坐垫毛垫￥168.00 http://t.cn/SX92vI
3825	gaming	gaming	gaming	不管你信不信，反正我信了！//@旅游小王子 在达人麻将 获得了成就我爱投资，获取速度超过了微博97%的玩家，你想和TA比试一下吗？http://t.cn/SXJfuQ
3835	entertainment	gaming	gaming	今天过的好快，居然麻将怎么快@一只幻想冄己是兎吇的老鼠
3844	none	none	none	3399683521450324
3848	feelings	feelings	feelings	苍蝇到哪都是苍蝇，坏了好好的一锅汤[打哈气]
3852	feelings	feelings	feelings	么天理，为撒小女孩能直接进去？！！！！！
3865	feelings	feelings	feelings	快过年了，可惜钱包里没多少钱了啊！郁闷啊！
3867	gaming	gaming	gaming	今天我玩狗仔团获得了1个警犬外套。 大家去玩玩吧。每天登录都会获得奖励。狗仔团http://t.cn/amCbrF
3876	entertainment	gaming	entertainment	@淮海小囡囡 亚麻三缺一,就拿斗真顶上了~
3898	entertainment	entertainment	entertainment	现在去看@刘恺威 的微博，才发现，他原来一直暗示着“她”，发现他是真的好爱她，不管怎样，还是祝福他们。也祝福所有人~1.8
3909	feelings	feelings	feelings	小脸的人也不能用智能手机啊
3913	lifestyle	feelings	lifestyle	刚刚上完上岗证培训班回来，今天的那个CPA无论长相还是谈吐都有点像于正[囧]
3916	sports	sports	sports	哦也，ccav5转米兰
3917	lifestyle	lifestyle	lifestyle	历经千辛万苦点到一张票，很想骂铁路局不是人，只给你高铁提交@请输入用户名 [弱]
3929	sports	sports	sports	想熬到四点看巴塞罗那的比赛。好久没看西甲比赛了。可是从曼城结束到巴塞开始那段时间我干什么。。。
3943	sports	sports	sports	MC 和 MU ，简直就是假球
3959	feelings	feelings	feelings	[挤眼]我的心开始想你了
3971	science & technology	advertisement	advertisement	我刚升级了街旁最新的圣诞版Android客户端！用街旁分享与记录真实生活，推荐你和我一起来体验。 http://t.cn/SX9LEv
4012	gaming	gaming	gaming	来之不易啊，有木有，有木有！//@宝妮AngelaBaby 在咖啡恋人 获得了成就知心好友，获取速度超过了微博98%的玩家，你想和TA比试一下吗？http://t.cn/SX9LjK
4014	sports	sports	sports	1比0巴萨罗那 斯科尔斯
4048	sports	sports	sports	进球视频-鲁尼头球暴击砸开曼城 兴奋亲吻曼联队徽 http://t.cn/SXKoRo 一起猜 英超 http://t.cn/S6xx2q
4059	lifestyle	lifestyle	lifestyle	哈哈哈，买回来的胎心仪还是有点用的，听到了小盆友火车呼啸般的心跳声@tztzt
4064	lifestyle	feelings	lifestyle	好像马上就可以挂星了呢
4070	lifestyle	lifestyle	lifestyle	差点把我的小红包给忘了 cola郁小婉
4082	feelings	feelings	feelings	恋爱很痛苦，喜欢一个人的感觉…但是一个人的时候却渴望爱情、 原来爱情就像大姨妈，不来的时候思念、 担心、来的时候却不想让它光临、反感、
4086	lifestyle	entertainment	lifestyle	哎呀，差点忘记了，这里要补上前些天两个小麻吉的杰作～虽然有点重口味。。。自备呕吐袋嚎～～～@韩璐_ALuda @向洋-Shayne
4092	gaming	gaming	gaming	机遇是一种可遇而不可求的东西，当机遇降临到您头上时，您就是故事的主角。--《Q将三国》心得录 我得到了兵器黄金权杖！买菜刀都要实名制，有把趁手的兵器不易啊！去Q将三国看看：http://t.cn/S4l0Gv
4093	feelings	feelings	feelings	看到以前讨厌人的微博，看到她爱情屡次受挫，居然有些小心疼，我到底是不是天蝎座啊！[思考]
4099	entertainment	feelings	feelings	『我就是幼稚，才會追妳這麼久。』 那些年，我们一起追的女孩。稀饭沈佳宜的帽纸，我外婆也有一顶，黑色。
4104	none	none	none	3.39968E+15
4105	none	none	none	3399683764769643
4106	lifestyle	lifestyle	lifestyle	想读《花火》 http://t.cn/SX9LKx
4116	advertisement	advertisement	advertisement	“【微博感恩 转发送土豆抱枕！】”，这个活动推荐给大家。 地址：http://t.cn/S6OTL4
4118	feelings	lifestyle	lifestyle	如果有机会，30岁之前想体验一回蹦极。
4121	feelings	feelings	feelings	[吃惊]千山鸟飞绝，都在写总结；举头望明月，低头写总结；生当做人杰，死亦写总结；远上寒山石径斜，白云深处写总结；垂死病中惊坐起，今天还要写总结。人生自古谁无死，来生继续写总结；但使龙城飞将在，看谁敢不写总结；众里寻他千百度，蓦然回首，那人正在写总结。[吃惊]
4140	advertisement	advertisement	advertisement	《巴拉巴拉巴》成功人士李嘉诚的一分钟自我介绍！想成功吗？先来取取经！ http://t.cn/SX9L6f
4145	feelings	entertainment	entertainment	金陵十三钗把我看得眼泪水都哭光了！国耻家狠！小日本！f.  ck你祖宗！莫怪我judy那么粗鲁！
4153	lifestyle	lifestyle	lifestyle	哥改行了....今天去试镜了,换了一套行头[哈哈]....圆了小时候的小小梦想[奥特曼][耶]
4173	food & drink	food & drink	food & drink	大爱新天地的抹茶
4174	none	none	none	3399687304389496
4176	advertisement	gaming	gaming	我得到了街旁网徽章【台北小散步】 http://t.cn/SX9C7Z
4182	advertisement	feelings	advertisement	十年窗下无人问，一举成名天下知。有了微博无需宅，一呼百应朋友遍天下，今后必当好好织微博，并获得微博特发【一举成名】勋章。http://t.cn/SX9CPT
4216	advertisement	advertisement	advertisement	“新年到送好礼，鸥丽街＂拍立得＂继续送！hold住她！！”，这个活动推荐给大家。 地址：http://t.cn/SXtCYt
4229	feelings	entertainment	entertainment	我想听这张专辑《AURORA》 -ORIGA http://t.cn/au9epp
4234	entertainment	feelings	feelings	@i-Jessie曦 ，救救@有肉妈妈 ，她快疯了，我安抚不了了
4239	none	none	none	分享图片
4240	feelings	feelings	feelings	周日晚上跳完@Harry_Sir 哈老师的课，我就开始情绪低落……那说明双休日真的过完了，又要回到办公室不透气的环境，和电脑对视。唉，我好想逃离陆家嘴这个金属牢笼！
4249	feelings	feelings	feelings	我妈妈...同样也爸爸，因为这消息多半是他盯着妈妈发的，自己不好意思问[偷笑]
4253	feelings	feelings	feelings	印度阿三，坑爹的说~
4261	feelings	feelings	feelings	最近泪点好低，看达人秀也哭了〜能实现梦想的感觉真好，做人要
4262	feelings	entertainment	feelings	哇，65和55居然跳的那么有活力
4265	food & drink	food & drink	food & drink	一根巨大的香蕉
4271	feelings	feelings	feelings	喜欢上一个人要怎么办[抓狂][抓狂]
4276	feelings	feelings	feelings	[泪][泪] 为什么我今天要回来呢 [伤心] 我应该呆在SR不会来的啊、、伤心了丫
4284	none	none	none	3399687271127195
4286	advertisement	lifestyle	lifestyle	想读《寻路中国》 http://t.cn/hbFHZl
4297	none	none	none	3399687266931429
4310	feelings	lifestyle	lifestyle	春蚕到死丝方尽, describe the city you live in...T^T
4325	none	none	none	3399687258541853
4338	feelings	feelings	feelings	从此是你的路人，于你，我也是路人
4346	entertainment	entertainment	entertainment	#虾米音乐#♫ 分享澤野弘之的歌曲《OMAKE-SUITE The END ～Piano Medley for Listener～》  http://t.cn/aKkMBh
4355	lifestyle	feelings	feelings	孩纸~他俩得打起来。[汗]
4356	feelings	feelings	feelings	我容易麼。。。早回家媽媽問我怎麼那麼早。晚回家媽媽要報警。[晕] 孩子真難做
4368	advertisement	advertisement	advertisement	我刚申请成为#微博达人#，获得初级达人勋章。微博达人，草根中的大明星，一起加入微博达人俱乐部吧，找到志趣相投的好友！求红星闪闪粉丝多，求红星灿灿关注多！http://t.cn/SX90ER
4407	entertainment	entertainment	entertainment	<那些年>绝对是电影和书都应该去看一下的，电影很搞笑，最后想表达的，大概真的是那个追着沈佳宜的青春吧，可是书本的字里行间，你是真的可以体会到＇被你喜欢过之后，就觉得别人没有那么喜欢我＇这句话是的感觉了。
4416	feelings	feelings	feelings	去图书馆路上 看到一个随地小便的男的在角落里方便，我很不识相的看了他很久，他后来发现后很无奈很阳光的对我笑了。 男人真好，随地可以小便。
4428	entertainment	entertainment	entertainment	妞的逆生长跟Whitney一比就……Whit看起来像Zooey的妈但事实上Whitney年龄比Zooey要小两岁。可素！Whit脸上那都是智慧的痕迹！Zo只是一枚装嫩的二货[抓狂]#Whitney Cumming##Zooey Deschanel#
4436	gaming	gaming	gaming	一分耕耘，一分收获！//@Claudine_ren 在咖啡恋人 获得了成就初级扩建，获取速度超过了微博98%的玩家，你想和TA比试一下吗？http://t.cn/S60JMF
4468	feelings	feelings	feelings	就像一只猫和一个凤梨相配！感觉奇怪！
4476	feelings	entertainment	entertainment	[泪][泪][泪]依林你永远是我的初心是我永远的榜样也是我困难时候想想你就能坚持下去的理由。。。你坚持做自己不顾别人的眼光我爱你依林 http://t.cn/5AWbI
4495	none	none	none	3399687828800476
4501	gaming	gaming	gaming	分享这一刻，来说点什么吧 #小小乐园#亲，看我纯洁的眼神。是不是像一个充满爱心的人。去ta的乐园瞧瞧http://t.cn/SX90KD
4507	lifestyle	lifestyle	lifestyle	买花裤衩去。我不告诉你我要搜刘忻同款。开玩笑啦。。。[哈哈]
4508	advertisement	advertisement	advertisement	韩国新款清新纯色 复古蕾丝花装饰 [不] 内加薄绒秋冬九分打底裤81260,[足球] 地址：http://t.cn/SX90SF
4516	lifestyle	feelings	lifestyle	过得最暖的一个冬天,不过伴随着很难晾干的衣服和潮湿的被窝,这是好还是不好呢
4519	gaming	gaming	gaming	太给力了，是不是？//@苏小懒-11 的咖啡恋人的咖啡店等级排行为9，超过@琪_柒柒 排名升至第7。http://t.cn/Sq8P8t
4529	entertainment	lifestyle	entertainment	为毛我进不了你的微群@客居梦乡
4541	gaming	gaming	gaming	小丑、小熊、魔术师，我的乐园里表演样样精彩，想看就快来吧！ 史上最搞，我在#小小乐园#的表演初登场啦！还不赶紧来为我加油！去ta的乐园瞧瞧http://t.cn/SX90tq
4558	feelings	society	society	民进党的场子总是很多小吃，喊累了，充满意义感的坐下吃东西，顺便分析选战局势头头是道
4574	advertisement	advertisement	advertisement	转让9成新MAXI COSI PEBBLE提篮安全座椅 你我他摇篮 二手市场 篱笆论坛  http://t.cn/SX90VB
4590	lifestyle	entertainment	entertainment	kamiji还扎了小辫子....>v<
4596	none	none	none	3399687883339013
4598	gaming	lifestyle	lifestyle	我在和平影都。菲翔猪三人组学习默莉军三人组模式～  http://t.cn/SX90B3
4603	lifestyle	lifestyle	lifestyle	和闺密们制定了彩虹计划，哇哈哈，省钱从这个月开始我在这里: #嘉定区# http://t.cn/SX90B6
4637	feelings	feelings	feelings	我成功的为自己关起了一扇门。我要重生了baby们~~@Jac很萌对不对 @穆苡宸 @Aileen想让时间过得快一点 @索南加措_Jason @JamieDou發完神經回來了 @卖萌储二宝 还有各种知道这件事情的人！~
4648	sports	sports	sports	曼联绝对不会放过那么好的机会血洗曼城，加油加油
4673	entertainment	lifestyle	lifestyle	@可爱妹洋小胖 10号一起来吃饭呀~
4678	none	feelings	none	等了多少年
4698	lifestyle	food & drink	food & drink	被我偷偷干掉几粒的喜糖
4709	feelings	lifestyle	lifestyle	每次。。挖鼻屎挖耳屎木有收货。。都好失落。。有木有。。。
4712	lifestyle	lifestyle	lifestyle	发表了博文 《2011年度总结》 - 我左手边的吴小结在冥思苦想他的年度工作总结，于是我也来一个2011生活年度总结。 除了必不可少的每天上班，还做了不少事情，总体来说，充实而幸福。 装修，认识了好男 http://t.cn/SX90O1
4732	none	none	none	3399687837190846
4745	feelings	feelings	feelings	2012可能唯一摆脱不了得..仍是别人看不到的自卑...
4749	entertainment	entertainment	entertainment	今天看了小BABY，又看了龙门飞甲，虽然有点小波折，但还会很欢乐，哈哈~~ http://t.cn/SX9l8m
4768	entertainment	entertainment	entertainment	看达人秀看到我哭了，那些对梦想的执着，似乎都从那些节目中透露出来。
4776	feelings	feelings	feelings	懂得选择，学会放弃，耐得住寂寞，经得起诱惑...
4778	none	lifestyle	none	人呢@lay4
4787	feelings	feelings	feelings	我执不破
4789	feelings	feelings	feelings	我怀念的夏天
4812	lifestyle	none	lifestyle	分享图片 试试过年的新衣服~
4818	lifestyle	feelings	lifestyle	原来离过春节还有15天[雪]我在这里:#浦东新区# http://t.cn/SX9lNj
4819	food & drink	sports	sports	生姜头上场[鼓掌]
4848	none	none	none	5
4867	entertainment	entertainment	entertainment	唉…今天身心俱疲啊…话说，十三钗真心有点压抑啊…未到中场就逼走了对小情侣啊[挖鼻屎]
4873	none	advertisement	none	请先默念“芝麻开门”五百遍！看看会发生什么？ http://t.cn/SX9lXI
4895	none	none	none	3399688260915826
4900	entertainment	lifestyle	lifestyle	@vaiola 今儿微博上发现一老朋友，你还记得她不？这个名字：彩虹薇薇sitetalk 悄悄的看了一下，就不@ 她了
4903	lifestyle	feelings	lifestyle	休息了！睡觉了！今天早点睡！
4933	gaming	gaming	gaming	不管你信不信，反正我信了！//@噗哈哈的Rachel 在牧场达人 获得了成就建筑新手，获取速度超过了微博99%的玩家，你想和TA比试一下吗？http://t.cn/SX9GPK
4941	entertainment	entertainment	entertainment	12年第一次荐歌，送一首很调皮的：It Girl-Jason Derulo。虽然是滥到不能再滥的流行R&B，但是偶尔被播放器shuffle到还是听到很舒适。推荐理由：1、这首歌开头大卤肉终于不再很莫名的喊一遍自己名字；2、吹不来口哨的loser羡慕人家口哨吹得好。 http://t.cn/aEsXSl
4943	entertainment	entertainment	entertainment	看了金陵十三钗，好压抑
4956	lifestyle	lifestyle	lifestyle	拜一休息, 拜二抽奖
4958	lifestyle	feelings	lifestyle	滑溜溜，曾干净！
4968	entertainment	entertainment	entertainment	@轻裾云歌 平清盛开始喽[心]
4981	society	society	society	我在想春节将至.老百姓最关心的是什么?物价别再和工资一起涨.当官的该收剑一下。不要咀上讲的好听。收红包危险阿.泱国害民.
4998	feelings	feelings	feelings	/......啊啊啊..明天等着收尸了..><[泪]
5001	lifestyle	advertisement	lifestyle	天冷了，给你的杯子穿上毛衣吧！还是中国特色的麻花毛衣！
5028	sports	sports	sports	#曼城vs曼联#希望曼城赢，不过不可能了，预计比分4比1
5029	none	none	none	` http://t.cn/SX9Yik
5041	feelings	feelings	feelings	一回来 这都叫什么事儿啊！[抓狂][抓狂][抓狂]
5043	feelings	feelings	feelings	终于完成了！！嘻嘻][嘻嘻]
5046	feelings	feelings	feelings	开始有趣了，加油。我要一点一点实现~
5064	entertainment	lifestyle	lifestyle	很艺术气息的看了毕加索画展
5066	advertisement	lifestyle	lifestyle	我在北海道貍小路。买了熏衣草种子  http://t.cn/SX9Yx2
5068	entertainment	lifestyle	lifestyle	有一瓶OPI NMR54海军深蓝磨砂原瓶分装，没用过只试过一个指甲，但我真心不适合深色，哪位姑娘喜欢可以送给U，不用也是白放着= =出个邮费或者魔都1号线，11号线自取即可http://t.cn/SX9YMT 基本就是TB的这个颜色
5121	none	none	none	3399688537543041
5132	lifestyle	lifestyle	lifestyle	总算订到票了，发动了亲戚和亲戚的朋友，朋友和朋友的亲戚一起行动，守了一下午，不停的重复着登陆与登陆失败，订票与服务器无响应的，终于，订到了，有惊喜，更多的则是疲惫。这就是春运订票，人类历史上最艰难的活动，融合了体力智力与人脉的比拼，但是，那些不会上网的农民工，他们是如何订票的呢？
5152	none	none	none	3399688844048005
5155	feelings	lifestyle	lifestyle	明天开始连上13天的班！直接上到过年！想想就要吐血了~谁来救救我[抓狂][抓狂]我羡慕你@vsa莉莉 [泪]
5169	feelings	feelings	feelings	呜呜。。。就这么结束了我的东北之旅，一个梦的实现伴随着另一个梦的开始，下一站泰国。
5176	none	none	none	3399688835657466
5177	gaming	gaming	gaming	我又完成了一件市民们的心愿，真心希望他们能在我的城市里幸福生活。 黑夜-闪烁的泪花又完成了一个市民的心愿。黑夜-闪烁的泪花正在为市民的幸福生活忙碌奔波着。开始游戏http://t.cn/amEh6F
5182	lifestyle	lifestyle	lifestyle	我在由由烧烤。 http://t.cn/SX9HUh
5200	feelings	feelings	feelings	舞蹈：我不能悲伤地坐在你身旁 http://t.cn/SX9CZD
5201	society	feelings	society	不能说错话是银行和当播音员的;能出丝毫差错是银行和发射宇宙飞船的;打不能还手是银行和做拳击陪练的;骂不能还口是银行和开挨骂网店的;以考试为生是银行和上了高三的;活到老学到老是银行和搞科学实验的;接受五花八门检查是银行和当上准妈妈的;别人睡着你站着是银行和看守八宝山的,这咱看到的又一新版本
5209	feelings	feelings	feelings	心情极差，都不要理我[怒][怒][怒][怒][怒][怒][怒][怒]
5229	none	none	none	一番悔しいのは、先を取られたってこと！
5231	entertainment	feelings	feelings	为什么我亲爱的阿毛大人最近都不冒泡了撒~~@摩卡粥
5235	sports	sports	sports	起立！！！拍手！！！生姜头重回赛场。。。